{"cameraMode":{"drawMode":0,"name":"Shaded","section":"Shading Mode"},"sceneLighting":true,"audioPlay":false,"sceneViewState":{"showFog":true,"showMaterialUpdate":false,"showSkybox":true,"showFlares":true,"showImageEffects":true,"showParticleSystems":true},"in2DMode":false,"pivot":{"x":-0.2750434875488281,"y":5.651865005493164,"z":1.4117240905761719},"rotation":{"x":-0.2023967057466507,"y":-0.13553690910339356,"z":0.028295211493968965,"w":-0.9694662094116211},"size":72.18150329589844,"orthographic":false}