{"cameraMode":{"drawMode":0,"name":"Shaded","section":"Shading Mode"},"sceneLighting":true,"audioPlay":false,"sceneViewState":{"showFog":true,"showMaterialUpdate":false,"showSkybox":true,"showFlares":true,"showImageEffects":true,"showParticleSystems":true},"in2DMode":false,"pivot":{"x":-0.0539851188659668,"y":-1.9896087646484376,"z":-1.0178877115249634},"rotation":{"x":-0.18354959785938264,"y":0.8039759397506714,"z":-0.47085997462272646,"w":-0.3134058117866516},"size":10.872091293334961,"orthographic":false}