{"cameraMode":{"drawMode":0,"name":"Shaded","section":"Shading Mode"},"sceneLighting":true,"audioPlay":false,"sceneViewState":{"showFog":true,"showMaterialUpdate":false,"showSkybox":true,"showFlares":true,"showImageEffects":true,"showParticleSystems":true},"in2DMode":false,"pivot":{"x":-28.4232177734375,"y":-3.0007095336914064,"z":5.510223388671875},"rotation":{"x":-0.2023967057466507,"y":-0.13553690910339356,"z":0.028295211493968965,"w":-0.9694662094116211},"size":122.8216323852539,"orthographic":false}