{"cameraMode":{"drawMode":0,"name":"Shaded","section":"Shading Mode"},"sceneLighting":true,"audioPlay":false,"sceneViewState":{"showFog":true,"showMaterialUpdate":false,"showSkybox":true,"showFlares":true,"showImageEffects":true,"showParticleSystems":true},"in2DMode":false,"pivot":{"x":9.152302742004395,"y":3.3081846237182619,"z":5.579059600830078},"rotation":{"x":-0.7128655910491943,"y":0.01513893622905016,"z":-0.015397146344184876,"w":-0.7009682059288025},"size":11.69817066192627,"orthographic":false}